69,userE_4be0,北京市朝阳区望京东湖街道4号,2020-09-24 09:50:00.174
68,userD_f789,北京市朝阳区望京东湖街道3号,2020-09-24 09:50:01.174
66,userB_3e96,北京市朝阳区望京东湖街道1号,2020-09-24 09:50:02.174
73,userI_ccea,北京市朝阳区望京东湖街道8号,2020-09-24 09:50:03.174
70,userF_eaf6,北京市朝阳区望京东湖街道5号,2020-09-24 09:50:04.175
67,userC_7563,北京市朝阳区望京东湖街道2号,2020-09-24 09:50:05.175
70,userF_038c,北京市朝阳区望京东湖街道5号,2020-09-24 09:50:06.176
66,userB_d448,北京市朝阳区望京东湖街道1号,2020-09-24 09:50:07.176
68,userD_4381,北京市朝阳区望京东湖街道3号,2020-09-24 09:50:08.176
66,userB_779c,北京市朝阳区望京东湖街道1号,2020-09-24 09:50:09.176
71,userG_b4d9,北京市朝阳区望京东湖街道6号,2020-09-24 09:50:10.177
69,userE_3f1d,北京市朝阳区望京东湖街道4号,2020-09-24 09:50:11.177
67,userC_e50b,北京市朝阳区望京东湖街道2号,2020-09-24 09:50:12.178
67,userC_f845,北京市朝阳区望京东湖街道2号,2020-09-24 09:50:13.179
65,userA_2340,北京市朝阳区望京东湖街道0号,2020-09-24 09:50:14.179
68,userD_29bf,北京市朝阳区望京东湖街道3号,2020-09-24 09:50:15.180
66,userB_cba2,北京市朝阳区望京东湖街道1号,2020-09-24 09:50:16.180
72,userH_cd2b,北京市朝阳区望京东湖街道7号,2020-09-24 09:50:17.181
69,userE_77c8,北京市朝阳区望京东湖街道4号,2020-09-24 09:50:18.181
67,userC_72bb,北京市朝阳区望京东湖街道2号,2020-09-24 09:50:19.182
68,userD_3709,北京市朝阳区望京东湖街道3号,2020-09-24 09:50:20.183
66,userB_aee8,北京市朝阳区望京东湖街道1号,2020-09-24 09:50:21.183
73,userI_c0fa,北京市朝阳区望京东湖街道8号,2020-09-24 09:50:22.183
66,userB_415a,北京市朝阳区望京东湖街道1号,2020-09-24 09:50:23.183
72,userH_1164,北京市朝阳区望京东湖街道7号,2020-09-24 09:50:24.183
70,userF_7cf3,北京市朝阳区望京东湖街道5号,2020-09-24 09:50:25.183
74,userJ_8af1,北京市朝阳区望京东湖街道9号,2020-09-24 09:50:26.184
66,userB_d018,北京市朝阳区望京东湖街道1号,2020-09-24 09:50:27.184
73,userI_9a63,北京市朝阳区望京东湖街道8号,2020-09-24 09:50:28.184
69,userE_02ee,北京市朝阳区望京东湖街道4号,2020-09-24 09:50:29.185
66,userB_3282,北京市朝阳区望京东湖街道1号,2020-09-24 09:50:30.185
69,userE_a6e9,北京市朝阳区望京东湖街道4号,2020-09-24 09:50:31.185
65,userA_5958,北京市朝阳区望京东湖街道0号,2020-09-24 09:50:32.185
72,userH_f632,北京市朝阳区望京东湖街道7号,2020-09-24 09:50:33.185
70,userF_8b07,北京市朝阳区望京东湖街道5号,2020-09-24 09:50:34.185
68,userD_ad77,北京市朝阳区望京东湖街道3号,2020-09-24 09:50:35.186
68,userD_eed3,北京市朝阳区望京东湖街道3号,2020-09-24 09:50:36.187
65,userA_969d,北京市朝阳区望京东湖街道0号,2020-09-24 09:50:37.187
73,userI_0334,北京市朝阳区望京东湖街道8号,2020-09-24 09:50:38.187
71,userG_a509,北京市朝阳区望京东湖街道6号,2020-09-24 09:50:39.188
72,userH_b4d6,北京市朝阳区望京东湖街道7号,2020-09-24 09:50:40.189
70,userF_e29e,北京市朝阳区望京东湖街道5号,2020-09-24 09:50:41.189
72,userH_5de4,北京市朝阳区望京东湖街道7号,2020-09-24 09:50:42.189
72,userH_959b,北京市朝阳区望京东湖街道7号,2020-09-24 09:50:43.189
67,userC_acc4,北京市朝阳区望京东湖街道2号,2020-09-24 09:50:44.189
73,userI_f6ad,北京市朝阳区望京东湖街道8号,2020-09-24 09:50:45.190
66,userB_9151,北京市朝阳区望京东湖街道1号,2020-09-24 09:50:46.191
67,userC_7667,北京市朝阳区望京东湖街道2号,2020-09-24 09:50:47.191
65,userA_6975,北京市朝阳区望京东湖街道0号,2020-09-24 09:50:48.192
73,userI_1864,北京市朝阳区望京东湖街道8号,2020-09-24 09:50:49.193
73,userI_aeb3,北京市朝阳区望京东湖街道8号,2020-09-24 09:50:50.193
68,userD_c624,北京市朝阳区望京东湖街道3号,2020-09-24 09:50:51.194
73,userI_8e90,北京市朝阳区望京东湖街道8号,2020-09-24 09:50:52.194
67,userC_97a7,北京市朝阳区望京东湖街道2号,2020-09-24 09:50:53.195
67,userC_1374,北京市朝阳区望京东湖街道2号,2020-09-24 09:50:54.195
67,userC_d6d7,北京市朝阳区望京东湖街道2号,2020-09-24 09:50:55.195
70,userF_df94,北京市朝阳区望京东湖街道5号,2020-09-24 09:50:56.195
66,userB_00b5,北京市朝阳区望京东湖街道1号,2020-09-24 09:50:57.196
66,userB_2bb3,北京市朝阳区望京东湖街道1号,2020-09-24 09:50:58.196
73,userI_540e,北京市朝阳区望京东湖街道8号,2020-09-24 09:50:59.196
69,userE_1b47,北京市朝阳区望京东湖街道4号,2020-09-24 09:51:00.197
68,userD_355d,北京市朝阳区望京东湖街道3号,2020-09-24 09:51:01.197
68,userD_3fd4,北京市朝阳区望京东湖街道3号,2020-09-24 09:51:02.197
71,userG_acfa,北京市朝阳区望京东湖街道6号,2020-09-24 09:51:03.198
70,userF_7d94,北京市朝阳区望京东湖街道5号,2020-09-24 09:51:04.198
71,userG_d6cf,北京市朝阳区望京东湖街道6号,2020-09-24 09:51:05.199
67,userC_dd8a,北京市朝阳区望京东湖街道2号,2020-09-24 09:51:06.200
69,userE_de58,北京市朝阳区望京东湖街道4号,2020-09-24 09:51:07.201
69,userE_0b32,北京市朝阳区望京东湖街道4号,2020-09-24 09:51:08.201
67,userC_757a,北京市朝阳区望京东湖街道2号,2020-09-24 09:51:09.202
67,userC_90ea,北京市朝阳区望京东湖街道2号,2020-09-24 09:51:10.202
66,userB_d741,北京市朝阳区望京东湖街道1号,2020-09-24 09:51:11.203
71,userG_bee7,北京市朝阳区望京东湖街道6号,2020-09-24 09:51:12.204
69,userE_e50d,北京市朝阳区望京东湖街道4号,2020-09-24 09:51:13.204
72,userH_a5d8,北京市朝阳区望京东湖街道7号,2020-09-24 09:51:14.205
68,userD_db59,北京市朝阳区望京东湖街道3号,2020-09-24 09:51:15.206
71,userG_6a9d,北京市朝阳区望京东湖街道6号,2020-09-24 09:51:16.206
68,userD_6463,北京市朝阳区望京东湖街道3号,2020-09-24 09:51:17.206
74,userJ_6134,北京市朝阳区望京东湖街道9号,2020-09-24 09:51:18.208
72,userH_39d4,北京市朝阳区望京东湖街道7号,2020-09-24 09:51:19.208
72,userH_1dcd,北京市朝阳区望京东湖街道7号,2020-09-24 09:51:20.208
65,userA_794f,北京市朝阳区望京东湖街道0号,2020-09-24 09:51:21.209
73,userI_1e98,北京市朝阳区望京东湖街道8号,2020-09-24 09:51:22.209
70,userF_9c37,北京市朝阳区望京东湖街道5号,2020-09-24 09:51:23.209
68,userD_c2a1,北京市朝阳区望京东湖街道3号,2020-09-24 09:51:24.210
66,userB_1f6a,北京市朝阳区望京东湖街道1号,2020-09-24 09:51:25.210
74,userJ_9349,北京市朝阳区望京东湖街道9号,2020-09-24 09:51:26.210
74,userJ_b502,北京市朝阳区望京东湖街道9号,2020-09-24 09:51:27.211
67,userC_d57f,北京市朝阳区望京东湖街道2号,2020-09-24 09:51:28.211
69,userE_121f,北京市朝阳区望京东湖街道4号,2020-09-24 09:51:29.212
67,userC_eff0,北京市朝阳区望京东湖街道2号,2020-09-24 09:51:30.212
65,userA_49dc,北京市朝阳区望京东湖街道0号,2020-09-24 09:51:31.212
65,userA_4ef0,北京市朝阳区望京东湖街道0号,2020-09-24 09:51:32.213
65,userA_b488,北京市朝阳区望京东湖街道0号,2020-09-24 09:51:33.214
65,userA_cde0,北京市朝阳区望京东湖街道0号,2020-09-24 09:51:34.214
68,userD_bda6,北京市朝阳区望京东湖街道3号,2020-09-24 09:51:35.215
69,userE_1c9e,北京市朝阳区望京东湖街道4号,2020-09-24 09:51:36.215
72,userH_4034,北京市朝阳区望京东湖街道7号,2020-09-24 09:51:37.215
72,userH_ada0,北京市朝阳区望京东湖街道7号,2020-09-24 09:51:38.215
68,userD_f5ae,北京市朝阳区望京东湖街道3号,2020-09-24 09:51:39.216
65,userA_6c10,北京市朝阳区望京东湖街道0号,2020-09-24 09:51:40.217
70,userF_d494,北京市朝阳区望京东湖街道5号,2020-09-24 09:51:41.217
73,userI_fa4e,北京市朝阳区望京东湖街道8号,2020-09-24 09:51:42.218
66,userB_8cdd,北京市朝阳区望京东湖街道1号,2020-09-24 09:51:43.218
65,userA_3655,北京市朝阳区望京东湖街道0号,2020-09-24 09:51:44.218
73,userI_4b4a,北京市朝阳区望京东湖街道8号,2020-09-24 09:51:45.218
70,userF_84db,北京市朝阳区望京东湖街道5号,2020-09-24 09:51:46.219
68,userD_f839,北京市朝阳区望京东湖街道3号,2020-09-24 09:51:47.220
68,userD_d4fe,北京市朝阳区望京东湖街道3号,2020-09-24 09:51:48.220
71,userG_f4ef,北京市朝阳区望京东湖街道6号,2020-09-24 09:51:49.221
73,userI_ec34,北京市朝阳区望京东湖街道8号,2020-09-24 09:51:50.221
73,userI_9760,北京市朝阳区望京东湖街道8号,2020-09-24 09:51:51.221
73,userI_ec1d,北京市朝阳区望京东湖街道8号,2020-09-24 09:51:52.222
74,userJ_0027,北京市朝阳区望京东湖街道9号,2020-09-24 09:51:53.222
66,userB_d43e,北京市朝阳区望京东湖街道1号,2020-09-24 09:51:54.223
71,userG_5308,北京市朝阳区望京东湖街道6号,2020-09-24 09:51:55.224
66,userB_cb2d,北京市朝阳区望京东湖街道1号,2020-09-24 09:51:56.224
66,userB_cf49,北京市朝阳区望京东湖街道1号,2020-09-24 09:51:57.224
74,userJ_261d,北京市朝阳区望京东湖街道9号,2020-09-24 09:51:58.225
74,userJ_7e19,北京市朝阳区望京东湖街道9号,2020-09-24 09:51:59.225
65,userA_1b6b,北京市朝阳区望京东湖街道0号,2020-09-24 09:52:00.226
68,userD_bd87,北京市朝阳区望京东湖街道3号,2020-09-24 09:52:01.227
72,userH_5416,北京市朝阳区望京东湖街道7号,2020-09-24 09:52:02.228
67,userC_3262,北京市朝阳区望京东湖街道2号,2020-09-24 09:52:03.229
72,userH_14e0,北京市朝阳区望京东湖街道7号,2020-09-24 09:52:04.229
70,userF_f9cc,北京市朝阳区望京东湖街道5号,2020-09-24 09:52:05.230
67,userC_c57c,北京市朝阳区望京东湖街道2号,2020-09-24 09:52:06.230
68,userD_0851,北京市朝阳区望京东湖街道3号,2020-09-24 09:52:07.231
65,userA_5865,北京市朝阳区望京东湖街道0号,2020-09-24 09:52:08.231
69,userE_e2ab,北京市朝阳区望京东湖街道4号,2020-09-24 09:52:09.231
70,userF_3dfa,北京市朝阳区望京东湖街道5号,2020-09-24 09:52:10.232
65,userA_8607,北京市朝阳区望京东湖街道0号,2020-09-24 09:52:11.233
73,userI_e0cc,北京市朝阳区望京东湖街道8号,2020-09-24 09:52:12.233
65,userA_c591,北京市朝阳区望京东湖街道0号,2020-09-24 09:52:13.233
65,userA_4fa2,北京市朝阳区望京东湖街道0号,2020-09-24 09:52:14.233
71,userG_df75,北京市朝阳区望京东湖街道6号,2020-09-24 09:52:15.233
70,userF_840a,北京市朝阳区望京东湖街道5号,2020-09-24 09:52:16.233
72,userH_d197,北京市朝阳区望京东湖街道7号,2020-09-24 09:52:17.233
72,userH_cc64,北京市朝阳区望京东湖街道7号,2020-09-24 09:52:18.234
69,userE_862c,北京市朝阳区望京东湖街道4号,2020-09-24 09:52:19.234
73,userI_424b,北京市朝阳区望京东湖街道8号,2020-09-24 09:52:20.235
65,userA_7d06,北京市朝阳区望京东湖街道0号,2020-09-24 09:52:21.235
72,userH_d78b,北京市朝阳区望京东湖街道7号,2020-09-24 09:52:22.235
65,userA_48f7,北京市朝阳区望京东湖街道0号,2020-09-24 09:52:23.236
73,userI_3833,北京市朝阳区望京东湖街道8号,2020-09-24 09:52:24.236
71,userG_b15f,北京市朝阳区望京东湖街道6号,2020-09-24 09:52:25.237
68,userD_65af,北京市朝阳区望京东湖街道3号,2020-09-24 09:52:26.237
69,userE_4abe,北京市朝阳区望京东湖街道4号,2020-09-24 09:52:27.238
72,userH_3e64,北京市朝阳区望京东湖街道7号,2020-09-24 09:52:28.238
72,userH_4e33,北京市朝阳区望京东湖街道7号,2020-09-24 09:52:29.239
70,userF_ee86,北京市朝阳区望京东湖街道5号,2020-09-24 09:52:30.239
68,userD_0256,北京市朝阳区望京东湖街道3号,2020-09-24 09:52:31.239
66,userB_c055,北京市朝阳区望京东湖街道1号,2020-09-24 09:52:32.240
73,userI_967f,北京市朝阳区望京东湖街道8号,2020-09-24 09:52:33.240
69,userE_6a1b,北京市朝阳区望京东湖街道4号,2020-09-24 09:52:34.241
65,userA_15ef,北京市朝阳区望京东湖街道0号,2020-09-24 09:52:35.241
69,userE_1fa4,北京市朝阳区望京东湖街道4号,2020-09-24 09:52:36.241
71,userG_36bf,北京市朝阳区望京东湖街道6号,2020-09-24 09:52:37.242
69,userE_9b31,北京市朝阳区望京东湖街道4号,2020-09-24 09:52:38.242
66,userB_7b53,北京市朝阳区望京东湖街道1号,2020-09-24 09:52:39.242
69,userE_a2ee,北京市朝阳区望京东湖街道4号,2020-09-24 09:52:40.242
70,userF_ce65,北京市朝阳区望京东湖街道5号,2020-09-24 09:52:41.243
68,userD_fe05,北京市朝阳区望京东湖街道3号,2020-09-24 09:52:42.243
73,userI_cd33,北京市朝阳区望京东湖街道8号,2020-09-24 09:52:43.243
66,userB_9933,北京市朝阳区望京东湖街道1号,2020-09-24 09:52:44.243
69,userE_07c3,北京市朝阳区望京东湖街道4号,2020-09-24 09:52:45.244
66,userB_27fd,北京市朝阳区望京东湖街道1号,2020-09-24 09:52:46.244
71,userG_afb2,北京市朝阳区望京东湖街道6号,2020-09-24 09:52:47.244
71,userG_1a8f,北京市朝阳区望京东湖街道6号,2020-09-24 09:52:48.245
68,userD_0898,北京市朝阳区望京东湖街道3号,2020-09-24 09:52:49.245
66,userB_6db9,北京市朝阳区望京东湖街道1号,2020-09-24 09:52:50.245
70,userF_40d5,北京市朝阳区望京东湖街道5号,2020-09-24 09:52:51.246
74,userJ_7bbf,北京市朝阳区望京东湖街道9号,2020-09-24 09:52:52.247
65,userA_496c,北京市朝阳区望京东湖街道0号,2020-09-24 09:52:53.248
65,userA_a40a,北京市朝阳区望京东湖街道0号,2020-09-24 09:52:54.248
74,userJ_e70c,北京市朝阳区望京东湖街道9号,2020-09-24 09:52:55.249
74,userJ_8a70,北京市朝阳区望京东湖街道9号,2020-09-24 09:52:56.249
69,userE_bc6b,北京市朝阳区望京东湖街道4号,2020-09-24 09:52:57.249
65,userA_51ed,北京市朝阳区望京东湖街道0号,2020-09-24 09:52:58.250
73,userI_2830,北京市朝阳区望京东湖街道8号,2020-09-24 09:52:59.250
65,userA_b3da,北京市朝阳区望京东湖街道0号,2020-09-24 09:53:00.251
72,userH_496d,北京市朝阳区望京东湖街道7号,2020-09-24 09:53:01.251
72,userH_4f39,北京市朝阳区望京东湖街道7号,2020-09-24 09:53:02.251
68,userD_11ff,北京市朝阳区望京东湖街道3号,2020-09-24 09:53:03.252
68,userD_30bf,北京市朝阳区望京东湖街道3号,2020-09-24 09:53:04.252
73,userI_7bea,北京市朝阳区望京东湖街道8号,2020-09-24 09:53:05.252
72,userH_15b2,北京市朝阳区望京东湖街道7号,2020-09-24 09:53:06.255
73,userI_3ba5,北京市朝阳区望京东湖街道8号,2020-09-24 09:53:07.256
70,userF_ef54,北京市朝阳区望京东湖街道5号,2020-09-24 09:53:08.256
68,userD_47e3,北京市朝阳区望京东湖街道3号,2020-09-24 09:53:09.256
70,userF_0602,北京市朝阳区望京东湖街道5号,2020-09-24 09:53:10.265
67,userC_6924,北京市朝阳区望京东湖街道2号,2020-09-24 09:53:11.265
70,userF_3f04,北京市朝阳区望京东湖街道5号,2020-09-24 09:53:12.266
66,userB_422b,北京市朝阳区望京东湖街道1号,2020-09-24 09:53:13.267
74,userJ_c7be,北京市朝阳区望京东湖街道9号,2020-09-24 09:53:14.267
72,userH_f088,北京市朝阳区望京东湖街道7号,2020-09-24 09:53:15.267
67,userC_e5c1,北京市朝阳区望京东湖街道2号,2020-09-24 09:53:16.267
65,userA_3b85,北京市朝阳区望京东湖街道0号,2020-09-24 09:53:17.268
73,userI_5b9a,北京市朝阳区望京东湖街道8号,2020-09-24 09:53:18.268
70,userF_337f,北京市朝阳区望京东湖街道5号,2020-09-24 09:53:19.268
69,userE_3aca,北京市朝阳区望京东湖街道4号,2020-09-24 09:53:20.269
74,userJ_205d,北京市朝阳区望京东湖街道9号,2020-09-24 09:53:21.270
71,userG_7e02,北京市朝阳区望京东湖街道6号,2020-09-24 09:53:22.270
69,userE_e585,北京市朝阳区望京东湖街道4号,2020-09-24 09:53:23.270
70,userF_8051,北京市朝阳区望京东湖街道5号,2020-09-24 09:53:24.271
71,userG_851b,北京市朝阳区望京东湖街道6号,2020-09-24 09:53:25.271
72,userH_9a0a,北京市朝阳区望京东湖街道7号,2020-09-24 09:53:26.272
69,userE_fab8,北京市朝阳区望京东湖街道4号,2020-09-24 09:53:27.273
71,userG_16a8,北京市朝阳区望京东湖街道6号,2020-09-24 09:53:28.273
67,userC_2a69,北京市朝阳区望京东湖街道2号,2020-09-24 09:53:29.274
72,userH_c1f2,北京市朝阳区望京东湖街道7号,2020-09-24 09:53:30.274
69,userE_702a,北京市朝阳区望京东湖街道4号,2020-09-24 09:53:31.274
71,userG_487b,北京市朝阳区望京东湖街道6号,2020-09-24 09:53:32.275
71,userG_930a,北京市朝阳区望京东湖街道6号,2020-09-24 09:53:33.275
66,userB_9c59,北京市朝阳区望京东湖街道1号,2020-09-24 09:53:34.275
71,userG_67b7,北京市朝阳区望京东湖街道6号,2020-09-24 09:53:35.276
72,userH_9574,北京市朝阳区望京东湖街道7号,2020-09-24 09:53:36.276
72,userH_d223,北京市朝阳区望京东湖街道7号,2020-09-24 09:53:37.276
67,userC_2754,北京市朝阳区望京东湖街道2号,2020-09-24 09:53:38.276
67,userC_6d05,北京市朝阳区望京东湖街道2号,2020-09-24 09:53:39.277
71,userG_d95c,北京市朝阳区望京东湖街道6号,2020-09-24 09:53:40.277
69,userE_cc81,北京市朝阳区望京东湖街道4号,2020-09-24 09:53:41.277
73,userI_e3c7,北京市朝阳区望京东湖街道8号,2020-09-24 09:53:42.278
68,userD_8f94,北京市朝阳区望京东湖街道3号,2020-09-24 09:53:43.279
66,userB_9005,北京市朝阳区望京东湖街道1号,2020-09-24 09:53:44.279
73,userI_076d,北京市朝阳区望京东湖街道8号,2020-09-24 09:53:45.279
71,userG_af8e,北京市朝阳区望京东湖街道6号,2020-09-24 09:53:46.279
69,userE_4b36,北京市朝阳区望京东湖街道4号,2020-09-24 09:53:47.280
73,userI_1b8f,北京市朝阳区望京东湖街道8号,2020-09-24 09:53:48.281
70,userF_9497,北京市朝阳区望京东湖街道5号,2020-09-24 09:53:49.281
68,userD_a099,北京市朝阳区望京东湖街道3号,2020-09-24 09:53:50.281
70,userF_3b73,北京市朝阳区望京东湖街道5号,2020-09-24 09:53:51.281
73,userI_cc70,北京市朝阳区望京东湖街道8号,2020-09-24 09:53:52.282
71,userG_9331,北京市朝阳区望京东湖街道6号,2020-09-24 09:53:53.283
67,userC_0a35,北京市朝阳区望京东湖街道2号,2020-09-24 09:53:54.284
67,userC_f707,北京市朝阳区望京东湖街道2号,2020-09-24 09:53:55.284